[{"id":1,"title":"Coca-Cola","image":"https://media.istockphoto.com/id/1289738725/fr/photo/bouteille-en-plastique-de-coke-avec-la-conception-et-le-chapeau-rouges-d%C3%A9tiquette.jpg?s=1024x1024&w=is&k=20&c=HBWfROrGDTIgD6fuvTlUq6SrwWqIC35-gceDSJ8TTP8=","volume":0.33,"price":2.5},{"id":2,"title":"Pepsi","image":"https://media.istockphoto.com/id/185268840/fr/photo/bouteille-de-cola-sur-un-fond-blanc.jpg?s=1024x1024&w=is&k=20&c=xdsxwb4bLjzuQbkT_XvVLyBZyW36GD97T1PCW0MZ4vg=","volume":0.33,"price":2.5},{"id":3,"title":"Citronnade","image":"https://media.istockphoto.com/id/1397515626/fr/photo/verre-deau-gazeuse-%C3%A0-boire-isol%C3%A9.jpg?s=1024x1024&w=is&k=20&c=iEjq6OL86Li4eDG5YGO59d1O3Ga1iMVc_Kj5oeIfAqk=","volume":0.5,"price":1.5},{"id":4,"title":"Jus d'Orange","image":"https://images.unsplash.com/photo-1600271886742-f049cd451bba?q=80&w=1374&auto=format&fit=crop&ixlib=rb-4.0.3&ixid=M3wxMjA3fDB8MHxwaG90by1wYWdlfHx8fGVufDB8fHx8fA%3D%3D","volume":0.25,"price":4.5},{"id":6,"title":"Virgin Tonic","image":"https://plus.unsplash.com/premium_photo-1668771899398-1cdd763f745e?q=80&w=1374&auto=format&fit=crop&ixlib=rb-4.0.3&ixid=M3wxMjA3fDB8MHxwaG90by1wYWdlfHx8fGVufDB8fHx8fA%3D%3D","volume":0.25,"price":4.5}]