[{"id":1,"title":"Magic Green 2","content":""},{"id":3,"title":"Vegetarian","content":"Mozarella, Tomates, Oignons, Poivrons, Champignons, Olives"},{"id":4,"title":"Alpage","content":"Gruyère, Mozarella, Lardons, Tomates"},{"id":5,"title":"Diable","content":"Tomates, Mozarella, Chorizo piquant, Jalapenos"},{"id":6,"title":"Magic Green 2","content":"Epinards, Brocolis, Olives vertes, Basilic"},{"id":7,"title":"Magic Green","content":"Epinards, Brocolis, Olives vertes, Basilic"},{"id":8,"title":"Magic Green","content":"Epinards, Brocolis, Olives vertes, Basilic"},{"id":9,"title":"Magic Green","content":"Epinards, Brocolis, Olives vertes, Basilic"},{"id":10,"title":"Magic Green","content":"Epinards, Brocolis, Olives vertes, Basilic"},{"id":11,"title":"wow !","content":"<img src=\"#\" onerror=\"alert('You have been hacked !')\">"},{"id":12,"title":"Magic Green","content":"Epinards, Brocolis, Olives vertes, Basilic"}]